filename,label,subject_id,window_id,dataset
bvp_S2_non_stress_0000,0,2,11,wesad
bvp_S2_non_stress_0001,0,2,12,wesad
bvp_S2_non_stress_0002,0,2,13,wesad
bvp_S2_non_stress_0003,0,2,14,wesad
bvp_S2_non_stress_0004,0,2,15,wesad
bvp_S2_non_stress_0005,0,2,16,wesad
bvp_S2_non_stress_0006,0,2,17,wesad
bvp_S2_non_stress_0007,0,2,18,wesad
bvp_S2_non_stress_0008,0,2,19,wesad
bvp_S2_non_stress_0009,0,2,20,wesad
bvp_S2_non_stress_0010,0,2,21,wesad
bvp_S2_non_stress_0011,0,2,22,wesad
bvp_S2_non_stress_0012,0,2,23,wesad
bvp_S2_non_stress_0013,0,2,24,wesad
bvp_S2_non_stress_0014,0,2,25,wesad
bvp_S2_non_stress_0015,0,2,26,wesad
bvp_S2_non_stress_0016,0,2,27,wesad
bvp_S2_non_stress_0017,0,2,28,wesad
bvp_S2_non_stress_0018,0,2,29,wesad
bvp_S2_non_stress_0019,0,2,30,wesad
bvp_S2_non_stress_0020,0,2,31,wesad
bvp_S2_non_stress_0021,0,2,32,wesad
bvp_S2_non_stress_0022,0,2,33,wesad
bvp_S2_non_stress_0023,0,2,34,wesad
bvp_S2_non_stress_0024,0,2,35,wesad
bvp_S2_non_stress_0025,0,2,36,wesad
bvp_S2_non_stress_0026,0,2,37,wesad
bvp_S2_non_stress_0027,0,2,38,wesad
bvp_S2_non_stress_0028,0,2,39,wesad
bvp_S2_non_stress_0029,0,2,40,wesad
bvp_S2_non_stress_0030,0,2,41,wesad
bvp_S2_non_stress_0031,0,2,42,wesad
bvp_S2_non_stress_0032,0,2,43,wesad
bvp_S2_non_stress_0033,0,2,44,wesad
bvp_S2_non_stress_0034,0,2,45,wesad
bvp_S2_non_stress_0035,0,2,46,wesad
bvp_S2_non_stress_0036,0,2,47,wesad
bvp_S2_stress_0000,1,2,76,wesad
bvp_S2_stress_0001,1,2,77,wesad
bvp_S2_stress_0002,1,2,78,wesad
bvp_S2_stress_0003,1,2,79,wesad
bvp_S2_stress_0004,1,2,80,wesad
bvp_S2_stress_0005,1,2,81,wesad
bvp_S2_stress_0006,1,2,82,wesad
bvp_S2_stress_0007,1,2,83,wesad
bvp_S2_stress_0008,1,2,84,wesad
bvp_S2_stress_0009,1,2,85,wesad
bvp_S2_stress_0010,1,2,86,wesad
bvp_S2_stress_0011,1,2,87,wesad
bvp_S2_stress_0012,1,2,88,wesad
bvp_S2_stress_0013,1,2,89,wesad
bvp_S2_stress_0014,1,2,90,wesad
bvp_S2_stress_0015,1,2,91,wesad
bvp_S2_stress_0016,1,2,92,wesad
bvp_S2_stress_0017,1,2,93,wesad
bvp_S2_stress_0018,1,2,94,wesad
bvp_S2_stress_0019,1,2,95,wesad
bvp_S2_non_stress_0037,0,2,159,wesad
bvp_S2_non_stress_0038,0,2,160,wesad
bvp_S2_non_stress_0039,0,2,161,wesad
bvp_S2_non_stress_0040,0,2,162,wesad
bvp_S2_non_stress_0041,0,2,163,wesad
bvp_S2_non_stress_0042,0,2,164,wesad
bvp_S2_non_stress_0043,0,2,165,wesad
bvp_S2_non_stress_0044,0,2,166,wesad
bvp_S2_non_stress_0045,0,2,167,wesad
bvp_S2_non_stress_0046,0,2,168,wesad
bvp_S2_non_stress_0047,0,2,169,wesad
bvp_S2_non_stress_0048,0,2,170,wesad
bvp_S3_non_stress_0000,0,3,12,wesad
bvp_S3_non_stress_0001,0,3,13,wesad
bvp_S3_non_stress_0002,0,3,14,wesad
bvp_S3_non_stress_0003,0,3,15,wesad
bvp_S3_non_stress_0004,0,3,16,wesad
bvp_S3_non_stress_0005,0,3,17,wesad
bvp_S3_non_stress_0006,0,3,18,wesad
bvp_S3_non_stress_0007,0,3,19,wesad
bvp_S3_non_stress_0008,0,3,20,wesad
bvp_S3_non_stress_0009,0,3,21,wesad
bvp_S3_non_stress_0010,0,3,22,wesad
bvp_S3_non_stress_0011,0,3,23,wesad
bvp_S3_non_stress_0012,0,3,24,wesad
bvp_S3_non_stress_0013,0,3,25,wesad
bvp_S3_non_stress_0014,0,3,26,wesad
bvp_S3_non_stress_0015,0,3,27,wesad
bvp_S3_non_stress_0016,0,3,28,wesad
bvp_S3_non_stress_0017,0,3,29,wesad
bvp_S3_non_stress_0018,0,3,30,wesad
bvp_S3_non_stress_0019,0,3,31,wesad
bvp_S3_non_stress_0020,0,3,32,wesad
bvp_S3_non_stress_0021,0,3,33,wesad
bvp_S3_non_stress_0022,0,3,34,wesad
bvp_S3_non_stress_0023,0,3,35,wesad
bvp_S3_non_stress_0024,0,3,36,wesad
bvp_S3_non_stress_0025,0,3,37,wesad
bvp_S3_non_stress_0026,0,3,38,wesad
bvp_S3_non_stress_0027,0,3,39,wesad
bvp_S3_non_stress_0028,0,3,40,wesad
bvp_S3_non_stress_0029,0,3,41,wesad
bvp_S3_non_stress_0030,0,3,42,wesad
bvp_S3_non_stress_0031,0,3,43,wesad
bvp_S3_non_stress_0032,0,3,44,wesad
bvp_S3_non_stress_0033,0,3,45,wesad
bvp_S3_non_stress_0034,0,3,46,wesad
bvp_S3_non_stress_0035,0,3,47,wesad
bvp_S3_non_stress_0036,0,3,48,wesad
bvp_S3_stress_0000,1,3,75,wesad
bvp_S3_stress_0001,1,3,76,wesad
bvp_S3_stress_0002,1,3,77,wesad
bvp_S3_stress_0003,1,3,78,wesad
bvp_S3_stress_0004,1,3,79,wesad
bvp_S3_stress_0005,1,3,80,wesad
bvp_S3_stress_0006,1,3,81,wesad
bvp_S3_stress_0007,1,3,82,wesad
bvp_S3_stress_0008,1,3,83,wesad
bvp_S3_stress_0009,1,3,84,wesad
bvp_S3_stress_0010,1,3,85,wesad
bvp_S3_stress_0011,1,3,86,wesad
bvp_S3_stress_0012,1,3,87,wesad
bvp_S3_stress_0013,1,3,88,wesad
bvp_S3_stress_0014,1,3,89,wesad
bvp_S3_stress_0015,1,3,90,wesad
bvp_S3_stress_0016,1,3,91,wesad
bvp_S3_stress_0017,1,3,92,wesad
bvp_S3_stress_0018,1,3,93,wesad
bvp_S3_stress_0019,1,3,94,wesad
bvp_S3_stress_0020,1,3,95,wesad
bvp_S3_non_stress_0037,0,3,167,wesad
bvp_S3_non_stress_0038,0,3,168,wesad
bvp_S3_non_stress_0039,0,3,169,wesad
bvp_S3_non_stress_0040,0,3,170,wesad
bvp_S3_non_stress_0041,0,3,171,wesad
bvp_S3_non_stress_0042,0,3,172,wesad
bvp_S3_non_stress_0043,0,3,173,wesad
bvp_S3_non_stress_0044,0,3,174,wesad
bvp_S3_non_stress_0045,0,3,175,wesad
bvp_S3_non_stress_0046,0,3,176,wesad
bvp_S3_non_stress_0047,0,3,177,wesad
bvp_S3_non_stress_0048,0,3,178,wesad
bvp_S4_non_stress_0000,0,4,10,wesad
bvp_S4_non_stress_0001,0,4,11,wesad
bvp_S4_non_stress_0002,0,4,12,wesad
bvp_S4_non_stress_0003,0,4,13,wesad
bvp_S4_non_stress_0004,0,4,14,wesad
bvp_S4_non_stress_0005,0,4,15,wesad
bvp_S4_non_stress_0006,0,4,16,wesad
bvp_S4_non_stress_0007,0,4,17,wesad
bvp_S4_non_stress_0008,0,4,18,wesad
bvp_S4_non_stress_0009,0,4,19,wesad
bvp_S4_non_stress_0010,0,4,20,wesad
bvp_S4_non_stress_0011,0,4,21,wesad
bvp_S4_non_stress_0012,0,4,22,wesad
bvp_S4_non_stress_0013,0,4,23,wesad
bvp_S4_non_stress_0014,0,4,24,wesad
bvp_S4_non_stress_0015,0,4,25,wesad
bvp_S4_non_stress_0016,0,4,26,wesad
bvp_S4_non_stress_0017,0,4,27,wesad
bvp_S4_non_stress_0018,0,4,28,wesad
bvp_S4_non_stress_0019,0,4,29,wesad
bvp_S4_non_stress_0020,0,4,30,wesad
bvp_S4_non_stress_0021,0,4,31,wesad
bvp_S4_non_stress_0022,0,4,32,wesad
bvp_S4_non_stress_0023,0,4,33,wesad
bvp_S4_non_stress_0024,0,4,34,wesad
bvp_S4_non_stress_0025,0,4,35,wesad
bvp_S4_non_stress_0026,0,4,36,wesad
bvp_S4_non_stress_0027,0,4,37,wesad
bvp_S4_non_stress_0028,0,4,38,wesad
bvp_S4_non_stress_0029,0,4,39,wesad
bvp_S4_non_stress_0030,0,4,40,wesad
bvp_S4_non_stress_0031,0,4,41,wesad
bvp_S4_non_stress_0032,0,4,42,wesad
bvp_S4_non_stress_0033,0,4,43,wesad
bvp_S4_non_stress_0034,0,4,44,wesad
bvp_S4_non_stress_0035,0,4,45,wesad
bvp_S4_non_stress_0036,0,4,46,wesad
bvp_S4_non_stress_0037,0,4,47,wesad
bvp_S4_non_stress_0038,0,4,61,wesad
bvp_S4_non_stress_0039,0,4,62,wesad
bvp_S4_non_stress_0040,0,4,63,wesad
bvp_S4_non_stress_0041,0,4,64,wesad
bvp_S4_non_stress_0042,0,4,65,wesad
bvp_S4_non_stress_0043,0,4,66,wesad
bvp_S4_non_stress_0044,0,4,67,wesad
bvp_S4_non_stress_0045,0,4,68,wesad
bvp_S4_non_stress_0046,0,4,69,wesad
bvp_S4_non_stress_0047,0,4,70,wesad
bvp_S4_non_stress_0048,0,4,71,wesad
bvp_S4_non_stress_0049,0,4,72,wesad
bvp_S4_stress_0000,1,4,121,wesad
bvp_S4_stress_0001,1,4,122,wesad
bvp_S4_stress_0002,1,4,123,wesad
bvp_S4_stress_0003,1,4,124,wesad
bvp_S4_stress_0004,1,4,125,wesad
bvp_S4_stress_0005,1,4,126,wesad
bvp_S4_stress_0006,1,4,127,wesad
bvp_S4_stress_0007,1,4,128,wesad
bvp_S4_stress_0008,1,4,129,wesad
bvp_S4_stress_0009,1,4,130,wesad
bvp_S4_stress_0010,1,4,131,wesad
bvp_S4_stress_0011,1,4,132,wesad
bvp_S4_stress_0012,1,4,133,wesad
bvp_S4_stress_0013,1,4,134,wesad
bvp_S4_stress_0014,1,4,135,wesad
bvp_S4_stress_0015,1,4,136,wesad
bvp_S4_stress_0016,1,4,137,wesad
bvp_S4_stress_0017,1,4,138,wesad
bvp_S4_stress_0018,1,4,139,wesad
bvp_S4_stress_0019,1,4,140,wesad
bvp_S5_non_stress_0000,0,5,10,wesad
bvp_S5_non_stress_0001,0,5,11,wesad
bvp_S5_non_stress_0002,0,5,12,wesad
bvp_S5_non_stress_0003,0,5,13,wesad
bvp_S5_non_stress_0004,0,5,14,wesad
bvp_S5_non_stress_0005,0,5,15,wesad
bvp_S5_non_stress_0006,0,5,16,wesad
bvp_S5_non_stress_0007,0,5,17,wesad
bvp_S5_non_stress_0008,0,5,18,wesad
bvp_S5_non_stress_0009,0,5,19,wesad
bvp_S5_non_stress_0010,0,5,20,wesad
bvp_S5_non_stress_0011,0,5,21,wesad
bvp_S5_non_stress_0012,0,5,22,wesad
bvp_S5_non_stress_0013,0,5,23,wesad
bvp_S5_non_stress_0014,0,5,24,wesad
bvp_S5_non_stress_0015,0,5,25,wesad
bvp_S5_non_stress_0016,0,5,26,wesad
bvp_S5_non_stress_0017,0,5,27,wesad
bvp_S5_non_stress_0018,0,5,28,wesad
bvp_S5_non_stress_0019,0,5,29,wesad
bvp_S5_non_stress_0020,0,5,30,wesad
bvp_S5_non_stress_0021,0,5,31,wesad
bvp_S5_non_stress_0022,0,5,32,wesad
bvp_S5_non_stress_0023,0,5,33,wesad
bvp_S5_non_stress_0024,0,5,34,wesad
bvp_S5_non_stress_0025,0,5,35,wesad
bvp_S5_non_stress_0026,0,5,36,wesad
bvp_S5_non_stress_0027,0,5,37,wesad
bvp_S5_non_stress_0028,0,5,38,wesad
bvp_S5_non_stress_0029,0,5,39,wesad
bvp_S5_non_stress_0030,0,5,40,wesad
bvp_S5_non_stress_0031,0,5,41,wesad
bvp_S5_non_stress_0032,0,5,42,wesad
bvp_S5_non_stress_0033,0,5,43,wesad
bvp_S5_non_stress_0034,0,5,44,wesad
bvp_S5_non_stress_0035,0,5,45,wesad
bvp_S5_non_stress_0036,0,5,46,wesad
bvp_S5_non_stress_0037,0,5,47,wesad
bvp_S5_non_stress_0038,0,5,48,wesad
bvp_S5_non_stress_0039,0,5,62,wesad
bvp_S5_non_stress_0040,0,5,63,wesad
bvp_S5_non_stress_0041,0,5,64,wesad
bvp_S5_non_stress_0042,0,5,65,wesad
bvp_S5_non_stress_0043,0,5,66,wesad
bvp_S5_non_stress_0044,0,5,67,wesad
bvp_S5_non_stress_0045,0,5,68,wesad
bvp_S5_non_stress_0046,0,5,69,wesad
bvp_S5_non_stress_0047,0,5,70,wesad
bvp_S5_non_stress_0048,0,5,71,wesad
bvp_S5_non_stress_0049,0,5,72,wesad
bvp_S5_non_stress_0050,0,5,73,wesad
bvp_S5_stress_0000,1,5,120,wesad
bvp_S5_stress_0001,1,5,121,wesad
bvp_S5_stress_0002,1,5,122,wesad
bvp_S5_stress_0003,1,5,123,wesad
bvp_S5_stress_0004,1,5,124,wesad
bvp_S5_stress_0005,1,5,125,wesad
bvp_S5_stress_0006,1,5,126,wesad
bvp_S5_stress_0007,1,5,127,wesad
bvp_S5_stress_0008,1,5,128,wesad
bvp_S5_stress_0009,1,5,129,wesad
bvp_S5_stress_0010,1,5,130,wesad
bvp_S5_stress_0011,1,5,131,wesad
bvp_S5_stress_0012,1,5,132,wesad
bvp_S5_stress_0013,1,5,133,wesad
bvp_S5_stress_0014,1,5,134,wesad
bvp_S5_stress_0015,1,5,135,wesad
bvp_S5_stress_0016,1,5,136,wesad
bvp_S5_stress_0017,1,5,137,wesad
bvp_S5_stress_0018,1,5,138,wesad
bvp_S5_stress_0019,1,5,139,wesad
bvp_S5_stress_0020,1,5,140,wesad
bvp_S6_non_stress_0000,0,6,22,wesad
bvp_S6_non_stress_0001,0,6,23,wesad
bvp_S6_non_stress_0002,0,6,24,wesad
bvp_S6_non_stress_0003,0,6,25,wesad
bvp_S6_non_stress_0004,0,6,26,wesad
bvp_S6_non_stress_0005,0,6,27,wesad
bvp_S6_non_stress_0006,0,6,28,wesad
bvp_S6_non_stress_0007,0,6,29,wesad
bvp_S6_non_stress_0008,0,6,30,wesad
bvp_S6_non_stress_0009,0,6,31,wesad
bvp_S6_non_stress_0010,0,6,32,wesad
bvp_S6_non_stress_0011,0,6,33,wesad
bvp_S6_non_stress_0012,0,6,34,wesad
bvp_S6_non_stress_0013,0,6,35,wesad
bvp_S6_non_stress_0014,0,6,36,wesad
bvp_S6_non_stress_0015,0,6,37,wesad
bvp_S6_non_stress_0016,0,6,38,wesad
bvp_S6_non_stress_0017,0,6,39,wesad
bvp_S6_non_stress_0018,0,6,40,wesad
bvp_S6_non_stress_0019,0,6,41,wesad
bvp_S6_non_stress_0020,0,6,42,wesad
bvp_S6_non_stress_0021,0,6,43,wesad
bvp_S6_non_stress_0022,0,6,44,wesad
bvp_S6_non_stress_0023,0,6,45,wesad
bvp_S6_non_stress_0024,0,6,46,wesad
bvp_S6_non_stress_0025,0,6,47,wesad
bvp_S6_non_stress_0026,0,6,48,wesad
bvp_S6_non_stress_0027,0,6,49,wesad
bvp_S6_non_stress_0028,0,6,50,wesad
bvp_S6_non_stress_0029,0,6,51,wesad
bvp_S6_non_stress_0030,0,6,52,wesad
bvp_S6_non_stress_0031,0,6,53,wesad
bvp_S6_non_stress_0032,0,6,54,wesad
bvp_S6_non_stress_0033,0,6,55,wesad
bvp_S6_non_stress_0034,0,6,56,wesad
bvp_S6_non_stress_0035,0,6,57,wesad
bvp_S6_non_stress_0036,0,6,58,wesad
bvp_S6_non_stress_0037,0,6,59,wesad
bvp_S6_stress_0000,1,6,82,wesad
bvp_S6_stress_0001,1,6,83,wesad
bvp_S6_stress_0002,1,6,84,wesad
bvp_S6_stress_0003,1,6,85,wesad
bvp_S6_stress_0004,1,6,86,wesad
bvp_S6_stress_0005,1,6,87,wesad
bvp_S6_stress_0006,1,6,88,wesad
bvp_S6_stress_0007,1,6,89,wesad
bvp_S6_stress_0008,1,6,90,wesad
bvp_S6_stress_0009,1,6,91,wesad
bvp_S6_stress_0010,1,6,92,wesad
bvp_S6_stress_0011,1,6,93,wesad
bvp_S6_stress_0012,1,6,94,wesad
bvp_S6_stress_0013,1,6,95,wesad
bvp_S6_stress_0014,1,6,96,wesad
bvp_S6_stress_0015,1,6,97,wesad
bvp_S6_stress_0016,1,6,98,wesad
bvp_S6_stress_0017,1,6,99,wesad
bvp_S6_stress_0018,1,6,100,wesad
bvp_S6_stress_0019,1,6,101,wesad
bvp_S6_stress_0020,1,6,102,wesad
bvp_S6_non_stress_0038,0,6,185,wesad
bvp_S6_non_stress_0039,0,6,186,wesad
bvp_S6_non_stress_0040,0,6,187,wesad
bvp_S6_non_stress_0041,0,6,188,wesad
bvp_S6_non_stress_0042,0,6,189,wesad
bvp_S6_non_stress_0043,0,6,190,wesad
bvp_S6_non_stress_0044,0,6,191,wesad
bvp_S6_non_stress_0045,0,6,192,wesad
bvp_S6_non_stress_0046,0,6,193,wesad
bvp_S6_non_stress_0047,0,6,194,wesad
bvp_S6_non_stress_0048,0,6,195,wesad
bvp_S6_non_stress_0049,0,6,196,wesad
bvp_S7_non_stress_0000,0,7,4,wesad
bvp_S7_non_stress_0001,0,7,5,wesad
bvp_S7_non_stress_0002,0,7,6,wesad
bvp_S7_non_stress_0003,0,7,7,wesad
bvp_S7_non_stress_0004,0,7,8,wesad
bvp_S7_non_stress_0005,0,7,9,wesad
bvp_S7_non_stress_0006,0,7,10,wesad
bvp_S7_non_stress_0007,0,7,11,wesad
bvp_S7_non_stress_0008,0,7,12,wesad
bvp_S7_non_stress_0009,0,7,13,wesad
bvp_S7_non_stress_0010,0,7,14,wesad
bvp_S7_non_stress_0011,0,7,15,wesad
bvp_S7_non_stress_0012,0,7,16,wesad
bvp_S7_non_stress_0013,0,7,17,wesad
bvp_S7_non_stress_0014,0,7,18,wesad
bvp_S7_non_stress_0015,0,7,19,wesad
bvp_S7_non_stress_0016,0,7,20,wesad
bvp_S7_non_stress_0017,0,7,21,wesad
bvp_S7_non_stress_0018,0,7,22,wesad
bvp_S7_non_stress_0019,0,7,23,wesad
bvp_S7_non_stress_0020,0,7,24,wesad
bvp_S7_non_stress_0021,0,7,25,wesad
bvp_S7_non_stress_0022,0,7,26,wesad
bvp_S7_non_stress_0023,0,7,27,wesad
bvp_S7_non_stress_0024,0,7,28,wesad
bvp_S7_non_stress_0025,0,7,29,wesad
bvp_S7_non_stress_0026,0,7,30,wesad
bvp_S7_non_stress_0027,0,7,31,wesad
bvp_S7_non_stress_0028,0,7,32,wesad
bvp_S7_non_stress_0029,0,7,33,wesad
bvp_S7_non_stress_0030,0,7,34,wesad
bvp_S7_non_stress_0031,0,7,35,wesad
bvp_S7_non_stress_0032,0,7,36,wesad
bvp_S7_non_stress_0033,0,7,37,wesad
bvp_S7_non_stress_0034,0,7,38,wesad
bvp_S7_non_stress_0035,0,7,39,wesad
bvp_S7_non_stress_0036,0,7,40,wesad
bvp_S7_non_stress_0037,0,7,41,wesad
bvp_S7_non_stress_0038,0,7,42,wesad
bvp_S7_non_stress_0039,0,7,52,wesad
bvp_S7_non_stress_0040,0,7,53,wesad
bvp_S7_non_stress_0041,0,7,54,wesad
bvp_S7_non_stress_0042,0,7,55,wesad
bvp_S7_non_stress_0043,0,7,56,wesad
bvp_S7_non_stress_0044,0,7,57,wesad
bvp_S7_non_stress_0045,0,7,58,wesad
bvp_S7_non_stress_0046,0,7,59,wesad
bvp_S7_non_stress_0047,0,7,60,wesad
bvp_S7_non_stress_0048,0,7,61,wesad
bvp_S7_non_stress_0049,0,7,62,wesad
bvp_S7_non_stress_0050,0,7,63,wesad
bvp_S7_stress_0000,1,7,104,wesad
bvp_S7_stress_0001,1,7,105,wesad
bvp_S7_stress_0002,1,7,106,wesad
bvp_S7_stress_0003,1,7,107,wesad
bvp_S7_stress_0004,1,7,108,wesad
bvp_S7_stress_0005,1,7,109,wesad
bvp_S7_stress_0006,1,7,110,wesad
bvp_S7_stress_0007,1,7,111,wesad
bvp_S7_stress_0008,1,7,112,wesad
bvp_S7_stress_0009,1,7,113,wesad
bvp_S7_stress_0010,1,7,114,wesad
bvp_S7_stress_0011,1,7,115,wesad
bvp_S7_stress_0012,1,7,116,wesad
bvp_S7_stress_0013,1,7,117,wesad
bvp_S7_stress_0014,1,7,118,wesad
bvp_S7_stress_0015,1,7,119,wesad
bvp_S7_stress_0016,1,7,120,wesad
bvp_S7_stress_0017,1,7,121,wesad
bvp_S7_stress_0018,1,7,122,wesad
bvp_S7_stress_0019,1,7,123,wesad
bvp_S8_non_stress_0000,0,8,6,wesad
bvp_S8_non_stress_0001,0,8,7,wesad
bvp_S8_non_stress_0002,0,8,8,wesad
bvp_S8_non_stress_0003,0,8,9,wesad
bvp_S8_non_stress_0004,0,8,10,wesad
bvp_S8_non_stress_0005,0,8,11,wesad
bvp_S8_non_stress_0006,0,8,12,wesad
bvp_S8_non_stress_0007,0,8,13,wesad
bvp_S8_non_stress_0008,0,8,14,wesad
bvp_S8_non_stress_0009,0,8,15,wesad
bvp_S8_non_stress_0010,0,8,16,wesad
bvp_S8_non_stress_0011,0,8,17,wesad
bvp_S8_non_stress_0012,0,8,18,wesad
bvp_S8_non_stress_0013,0,8,19,wesad
bvp_S8_non_stress_0014,0,8,20,wesad
bvp_S8_non_stress_0015,0,8,21,wesad
bvp_S8_non_stress_0016,0,8,22,wesad
bvp_S8_non_stress_0017,0,8,23,wesad
bvp_S8_non_stress_0018,0,8,24,wesad
bvp_S8_non_stress_0019,0,8,25,wesad
bvp_S8_non_stress_0020,0,8,26,wesad
bvp_S8_non_stress_0021,0,8,27,wesad
bvp_S8_non_stress_0022,0,8,28,wesad
bvp_S8_non_stress_0023,0,8,29,wesad
bvp_S8_non_stress_0024,0,8,30,wesad
bvp_S8_non_stress_0025,0,8,31,wesad
bvp_S8_non_stress_0026,0,8,32,wesad
bvp_S8_non_stress_0027,0,8,33,wesad
bvp_S8_non_stress_0028,0,8,34,wesad
bvp_S8_non_stress_0029,0,8,35,wesad
bvp_S8_non_stress_0030,0,8,36,wesad
bvp_S8_non_stress_0031,0,8,37,wesad
bvp_S8_non_stress_0032,0,8,38,wesad
bvp_S8_non_stress_0033,0,8,39,wesad
bvp_S8_non_stress_0034,0,8,40,wesad
bvp_S8_non_stress_0035,0,8,41,wesad
bvp_S8_non_stress_0036,0,8,42,wesad
bvp_S8_non_stress_0037,0,8,43,wesad
bvp_S8_non_stress_0038,0,8,56,wesad
bvp_S8_non_stress_0039,0,8,57,wesad
bvp_S8_non_stress_0040,0,8,58,wesad
bvp_S8_non_stress_0041,0,8,59,wesad
bvp_S8_non_stress_0042,0,8,60,wesad
bvp_S8_non_stress_0043,0,8,61,wesad
bvp_S8_non_stress_0044,0,8,62,wesad
bvp_S8_non_stress_0045,0,8,63,wesad
bvp_S8_non_stress_0046,0,8,64,wesad
bvp_S8_non_stress_0047,0,8,65,wesad
bvp_S8_non_stress_0048,0,8,66,wesad
bvp_S8_stress_0000,1,8,110,wesad
bvp_S8_stress_0001,1,8,111,wesad
bvp_S8_stress_0002,1,8,112,wesad
bvp_S8_stress_0003,1,8,113,wesad
bvp_S8_stress_0004,1,8,114,wesad
bvp_S8_stress_0005,1,8,115,wesad
bvp_S8_stress_0006,1,8,116,wesad
bvp_S8_stress_0007,1,8,117,wesad
bvp_S8_stress_0008,1,8,118,wesad
bvp_S8_stress_0009,1,8,119,wesad
bvp_S8_stress_0010,1,8,120,wesad
bvp_S8_stress_0011,1,8,121,wesad
bvp_S8_stress_0012,1,8,122,wesad
bvp_S8_stress_0013,1,8,123,wesad
bvp_S8_stress_0014,1,8,124,wesad
bvp_S8_stress_0015,1,8,125,wesad
bvp_S8_stress_0016,1,8,126,wesad
bvp_S8_stress_0017,1,8,127,wesad
bvp_S8_stress_0018,1,8,128,wesad
bvp_S8_stress_0019,1,8,129,wesad
bvp_S8_stress_0020,1,8,130,wesad
bvp_S8_stress_0021,1,8,131,wesad
bvp_S9_non_stress_0000,0,9,3,wesad
bvp_S9_non_stress_0001,0,9,4,wesad
bvp_S9_non_stress_0002,0,9,5,wesad
bvp_S9_non_stress_0003,0,9,6,wesad
bvp_S9_non_stress_0004,0,9,7,wesad
bvp_S9_non_stress_0005,0,9,8,wesad
bvp_S9_non_stress_0006,0,9,9,wesad
bvp_S9_non_stress_0007,0,9,10,wesad
bvp_S9_non_stress_0008,0,9,11,wesad
bvp_S9_non_stress_0009,0,9,12,wesad
bvp_S9_non_stress_0010,0,9,13,wesad
bvp_S9_non_stress_0011,0,9,14,wesad
bvp_S9_non_stress_0012,0,9,15,wesad
bvp_S9_non_stress_0013,0,9,16,wesad
bvp_S9_non_stress_0014,0,9,17,wesad
bvp_S9_non_stress_0015,0,9,18,wesad
bvp_S9_non_stress_0016,0,9,19,wesad
bvp_S9_non_stress_0017,0,9,20,wesad
bvp_S9_non_stress_0018,0,9,21,wesad
bvp_S9_non_stress_0019,0,9,22,wesad
bvp_S9_non_stress_0020,0,9,23,wesad
bvp_S9_non_stress_0021,0,9,24,wesad
bvp_S9_non_stress_0022,0,9,25,wesad
bvp_S9_non_stress_0023,0,9,26,wesad
bvp_S9_non_stress_0024,0,9,27,wesad
bvp_S9_non_stress_0025,0,9,28,wesad
bvp_S9_non_stress_0026,0,9,29,wesad
bvp_S9_non_stress_0027,0,9,30,wesad
bvp_S9_non_stress_0028,0,9,31,wesad
bvp_S9_non_stress_0029,0,9,32,wesad
bvp_S9_non_stress_0030,0,9,33,wesad
bvp_S9_non_stress_0031,0,9,34,wesad
bvp_S9_non_stress_0032,0,9,35,wesad
bvp_S9_non_stress_0033,0,9,36,wesad
bvp_S9_non_stress_0034,0,9,37,wesad
bvp_S9_non_stress_0035,0,9,38,wesad
bvp_S9_non_stress_0036,0,9,39,wesad
bvp_S9_non_stress_0037,0,9,40,wesad
bvp_S9_non_stress_0038,0,9,41,wesad
bvp_S9_stress_0000,1,9,63,wesad
bvp_S9_stress_0001,1,9,64,wesad
bvp_S9_stress_0002,1,9,65,wesad
bvp_S9_stress_0003,1,9,66,wesad
bvp_S9_stress_0004,1,9,67,wesad
bvp_S9_stress_0005,1,9,68,wesad
bvp_S9_stress_0006,1,9,69,wesad
bvp_S9_stress_0007,1,9,70,wesad
bvp_S9_stress_0008,1,9,71,wesad
bvp_S9_stress_0009,1,9,72,wesad
bvp_S9_stress_0010,1,9,73,wesad
bvp_S9_stress_0011,1,9,74,wesad
bvp_S9_stress_0012,1,9,75,wesad
bvp_S9_stress_0013,1,9,76,wesad
bvp_S9_stress_0014,1,9,77,wesad
bvp_S9_stress_0015,1,9,78,wesad
bvp_S9_stress_0016,1,9,79,wesad
bvp_S9_stress_0017,1,9,80,wesad
bvp_S9_stress_0018,1,9,81,wesad
bvp_S9_stress_0019,1,9,82,wesad
bvp_S9_stress_0020,1,9,83,wesad
bvp_S9_non_stress_0039,0,9,136,wesad
bvp_S9_non_stress_0040,0,9,137,wesad
bvp_S9_non_stress_0041,0,9,138,wesad
bvp_S9_non_stress_0042,0,9,139,wesad
bvp_S9_non_stress_0043,0,9,140,wesad
bvp_S9_non_stress_0044,0,9,141,wesad
bvp_S9_non_stress_0045,0,9,142,wesad
bvp_S9_non_stress_0046,0,9,143,wesad
bvp_S9_non_stress_0047,0,9,144,wesad
bvp_S9_non_stress_0048,0,9,145,wesad
bvp_S9_non_stress_0049,0,9,146,wesad
bvp_S10_non_stress_0000,0,10,3,wesad
bvp_S10_non_stress_0001,0,10,4,wesad
bvp_S10_non_stress_0002,0,10,5,wesad
bvp_S10_non_stress_0003,0,10,6,wesad
bvp_S10_non_stress_0004,0,10,7,wesad
bvp_S10_non_stress_0005,0,10,8,wesad
bvp_S10_non_stress_0006,0,10,9,wesad
bvp_S10_non_stress_0007,0,10,10,wesad
bvp_S10_non_stress_0008,0,10,11,wesad
bvp_S10_non_stress_0009,0,10,12,wesad
bvp_S10_non_stress_0010,0,10,13,wesad
bvp_S10_non_stress_0011,0,10,14,wesad
bvp_S10_non_stress_0012,0,10,15,wesad
bvp_S10_non_stress_0013,0,10,16,wesad
bvp_S10_non_stress_0014,0,10,17,wesad
bvp_S10_non_stress_0015,0,10,18,wesad
bvp_S10_non_stress_0016,0,10,19,wesad
bvp_S10_non_stress_0017,0,10,20,wesad
bvp_S10_non_stress_0018,0,10,21,wesad
bvp_S10_non_stress_0019,0,10,22,wesad
bvp_S10_non_stress_0020,0,10,23,wesad
bvp_S10_non_stress_0021,0,10,24,wesad
bvp_S10_non_stress_0022,0,10,25,wesad
bvp_S10_non_stress_0023,0,10,26,wesad
bvp_S10_non_stress_0024,0,10,27,wesad
bvp_S10_non_stress_0025,0,10,28,wesad
bvp_S10_non_stress_0026,0,10,29,wesad
bvp_S10_non_stress_0027,0,10,30,wesad
bvp_S10_non_stress_0028,0,10,31,wesad
bvp_S10_non_stress_0029,0,10,32,wesad
bvp_S10_non_stress_0030,0,10,33,wesad
bvp_S10_non_stress_0031,0,10,34,wesad
bvp_S10_non_stress_0032,0,10,35,wesad
bvp_S10_non_stress_0033,0,10,36,wesad
bvp_S10_non_stress_0034,0,10,37,wesad
bvp_S10_non_stress_0035,0,10,38,wesad
bvp_S10_non_stress_0036,0,10,39,wesad
bvp_S10_non_stress_0037,0,10,40,wesad
bvp_S10_non_stress_0038,0,10,41,wesad
bvp_S10_non_stress_0039,0,10,53,wesad
bvp_S10_non_stress_0040,0,10,54,wesad
bvp_S10_non_stress_0041,0,10,55,wesad
bvp_S10_non_stress_0042,0,10,56,wesad
bvp_S10_non_stress_0043,0,10,57,wesad
bvp_S10_non_stress_0044,0,10,58,wesad
bvp_S10_non_stress_0045,0,10,59,wesad
bvp_S10_non_stress_0046,0,10,60,wesad
bvp_S10_non_stress_0047,0,10,61,wesad
bvp_S10_non_stress_0048,0,10,62,wesad
bvp_S10_non_stress_0049,0,10,63,wesad
bvp_S10_non_stress_0050,0,10,64,wesad
bvp_S10_stress_0000,1,10,107,wesad
bvp_S10_stress_0001,1,10,108,wesad
bvp_S10_stress_0002,1,10,109,wesad
bvp_S10_stress_0003,1,10,110,wesad
bvp_S10_stress_0004,1,10,111,wesad
bvp_S10_stress_0005,1,10,112,wesad
bvp_S10_stress_0006,1,10,113,wesad
bvp_S10_stress_0007,1,10,114,wesad
bvp_S10_stress_0008,1,10,115,wesad
bvp_S10_stress_0009,1,10,116,wesad
bvp_S10_stress_0010,1,10,117,wesad
bvp_S10_stress_0011,1,10,118,wesad
bvp_S10_stress_0012,1,10,119,wesad
bvp_S10_stress_0013,1,10,120,wesad
bvp_S10_stress_0014,1,10,121,wesad
bvp_S10_stress_0015,1,10,122,wesad
bvp_S10_stress_0016,1,10,123,wesad
bvp_S10_stress_0017,1,10,124,wesad
bvp_S10_stress_0018,1,10,125,wesad
bvp_S10_stress_0019,1,10,126,wesad
bvp_S10_stress_0020,1,10,127,wesad
bvp_S10_stress_0021,1,10,128,wesad
bvp_S10_stress_0022,1,10,129,wesad
bvp_S11_non_stress_0000,0,11,3,wesad
bvp_S11_non_stress_0001,0,11,4,wesad
bvp_S11_non_stress_0002,0,11,5,wesad
bvp_S11_non_stress_0003,0,11,6,wesad
bvp_S11_non_stress_0004,0,11,7,wesad
bvp_S11_non_stress_0005,0,11,8,wesad
bvp_S11_non_stress_0006,0,11,9,wesad
bvp_S11_non_stress_0007,0,11,10,wesad
bvp_S11_non_stress_0008,0,11,11,wesad
bvp_S11_non_stress_0009,0,11,12,wesad
bvp_S11_non_stress_0010,0,11,13,wesad
bvp_S11_non_stress_0011,0,11,14,wesad
bvp_S11_non_stress_0012,0,11,15,wesad
bvp_S11_non_stress_0013,0,11,16,wesad
bvp_S11_non_stress_0014,0,11,17,wesad
bvp_S11_non_stress_0015,0,11,18,wesad
bvp_S11_non_stress_0016,0,11,19,wesad
bvp_S11_non_stress_0017,0,11,20,wesad
bvp_S11_non_stress_0018,0,11,21,wesad
bvp_S11_non_stress_0019,0,11,22,wesad
bvp_S11_non_stress_0020,0,11,23,wesad
bvp_S11_non_stress_0021,0,11,24,wesad
bvp_S11_non_stress_0022,0,11,25,wesad
bvp_S11_non_stress_0023,0,11,26,wesad
bvp_S11_non_stress_0024,0,11,27,wesad
bvp_S11_non_stress_0025,0,11,28,wesad
bvp_S11_non_stress_0026,0,11,29,wesad
bvp_S11_non_stress_0027,0,11,30,wesad
bvp_S11_non_stress_0028,0,11,31,wesad
bvp_S11_non_stress_0029,0,11,32,wesad
bvp_S11_non_stress_0030,0,11,33,wesad
bvp_S11_non_stress_0031,0,11,34,wesad
bvp_S11_non_stress_0032,0,11,35,wesad
bvp_S11_non_stress_0033,0,11,36,wesad
bvp_S11_non_stress_0034,0,11,37,wesad
bvp_S11_non_stress_0035,0,11,38,wesad
bvp_S11_non_stress_0036,0,11,39,wesad
bvp_S11_non_stress_0037,0,11,40,wesad
bvp_S11_non_stress_0038,0,11,41,wesad
bvp_S11_stress_0000,1,11,64,wesad
bvp_S11_stress_0001,1,11,65,wesad
bvp_S11_stress_0002,1,11,66,wesad
bvp_S11_stress_0003,1,11,67,wesad
bvp_S11_stress_0004,1,11,68,wesad
bvp_S11_stress_0005,1,11,69,wesad
bvp_S11_stress_0006,1,11,70,wesad
bvp_S11_stress_0007,1,11,71,wesad
bvp_S11_stress_0008,1,11,72,wesad
bvp_S11_stress_0009,1,11,73,wesad
bvp_S11_stress_0010,1,11,74,wesad
bvp_S11_stress_0011,1,11,75,wesad
bvp_S11_stress_0012,1,11,76,wesad
bvp_S11_stress_0013,1,11,77,wesad
bvp_S11_stress_0014,1,11,78,wesad
bvp_S11_stress_0015,1,11,79,wesad
bvp_S11_stress_0016,1,11,80,wesad
bvp_S11_stress_0017,1,11,81,wesad
bvp_S11_stress_0018,1,11,82,wesad
bvp_S11_stress_0019,1,11,83,wesad
bvp_S11_stress_0020,1,11,84,wesad
bvp_S11_stress_0021,1,11,85,wesad
bvp_S11_non_stress_0039,0,11,137,wesad
bvp_S11_non_stress_0040,0,11,138,wesad
bvp_S11_non_stress_0041,0,11,139,wesad
bvp_S11_non_stress_0042,0,11,140,wesad
bvp_S11_non_stress_0043,0,11,141,wesad
bvp_S11_non_stress_0044,0,11,142,wesad
bvp_S11_non_stress_0045,0,11,143,wesad
bvp_S11_non_stress_0046,0,11,144,wesad
bvp_S11_non_stress_0047,0,11,145,wesad
bvp_S11_non_stress_0048,0,11,146,wesad
bvp_S11_non_stress_0049,0,11,147,wesad
bvp_S11_non_stress_0050,0,11,148,wesad
bvp_S13_non_stress_0000,0,13,3,wesad
bvp_S13_non_stress_0001,0,13,4,wesad
bvp_S13_non_stress_0002,0,13,5,wesad
bvp_S13_non_stress_0003,0,13,6,wesad
bvp_S13_non_stress_0004,0,13,7,wesad
bvp_S13_non_stress_0005,0,13,8,wesad
bvp_S13_non_stress_0006,0,13,9,wesad
bvp_S13_non_stress_0007,0,13,10,wesad
bvp_S13_non_stress_0008,0,13,11,wesad
bvp_S13_non_stress_0009,0,13,12,wesad
bvp_S13_non_stress_0010,0,13,13,wesad
bvp_S13_non_stress_0011,0,13,14,wesad
bvp_S13_non_stress_0012,0,13,15,wesad
bvp_S13_non_stress_0013,0,13,16,wesad
bvp_S13_non_stress_0014,0,13,17,wesad
bvp_S13_non_stress_0015,0,13,18,wesad
bvp_S13_non_stress_0016,0,13,19,wesad
bvp_S13_non_stress_0017,0,13,20,wesad
bvp_S13_non_stress_0018,0,13,21,wesad
bvp_S13_non_stress_0019,0,13,22,wesad
bvp_S13_non_stress_0020,0,13,23,wesad
bvp_S13_non_stress_0021,0,13,24,wesad
bvp_S13_non_stress_0022,0,13,25,wesad
bvp_S13_non_stress_0023,0,13,26,wesad
bvp_S13_non_stress_0024,0,13,27,wesad
bvp_S13_non_stress_0025,0,13,28,wesad
bvp_S13_non_stress_0026,0,13,29,wesad
bvp_S13_non_stress_0027,0,13,30,wesad
bvp_S13_non_stress_0028,0,13,31,wesad
bvp_S13_non_stress_0029,0,13,32,wesad
bvp_S13_non_stress_0030,0,13,33,wesad
bvp_S13_non_stress_0031,0,13,34,wesad
bvp_S13_non_stress_0032,0,13,35,wesad
bvp_S13_non_stress_0033,0,13,36,wesad
bvp_S13_non_stress_0034,0,13,37,wesad
bvp_S13_non_stress_0035,0,13,38,wesad
bvp_S13_non_stress_0036,0,13,39,wesad
bvp_S13_non_stress_0037,0,13,40,wesad
bvp_S13_non_stress_0038,0,13,41,wesad
bvp_S13_non_stress_0039,0,13,56,wesad
bvp_S13_non_stress_0040,0,13,57,wesad
bvp_S13_non_stress_0041,0,13,58,wesad
bvp_S13_non_stress_0042,0,13,59,wesad
bvp_S13_non_stress_0043,0,13,60,wesad
bvp_S13_non_stress_0044,0,13,61,wesad
bvp_S13_non_stress_0045,0,13,62,wesad
bvp_S13_non_stress_0046,0,13,63,wesad
bvp_S13_non_stress_0047,0,13,64,wesad
bvp_S13_non_stress_0048,0,13,65,wesad
bvp_S13_non_stress_0049,0,13,66,wesad
bvp_S13_non_stress_0050,0,13,67,wesad
bvp_S13_stress_0000,1,13,109,wesad
bvp_S13_stress_0001,1,13,110,wesad
bvp_S13_stress_0002,1,13,111,wesad
bvp_S13_stress_0003,1,13,112,wesad
bvp_S13_stress_0004,1,13,113,wesad
bvp_S13_stress_0005,1,13,114,wesad
bvp_S13_stress_0006,1,13,115,wesad
bvp_S13_stress_0007,1,13,116,wesad
bvp_S13_stress_0008,1,13,117,wesad
bvp_S13_stress_0009,1,13,118,wesad
bvp_S13_stress_0010,1,13,119,wesad
bvp_S13_stress_0011,1,13,120,wesad
bvp_S13_stress_0012,1,13,121,wesad
bvp_S13_stress_0013,1,13,122,wesad
bvp_S13_stress_0014,1,13,123,wesad
bvp_S13_stress_0015,1,13,124,wesad
bvp_S13_stress_0016,1,13,125,wesad
bvp_S13_stress_0017,1,13,126,wesad
bvp_S13_stress_0018,1,13,127,wesad
bvp_S13_stress_0019,1,13,128,wesad
bvp_S13_stress_0020,1,13,129,wesad
bvp_S13_stress_0021,1,13,130,wesad
bvp_S14_non_stress_0000,0,14,1,wesad
bvp_S14_non_stress_0001,0,14,2,wesad
bvp_S14_non_stress_0002,0,14,3,wesad
bvp_S14_non_stress_0003,0,14,4,wesad
bvp_S14_non_stress_0004,0,14,5,wesad
bvp_S14_non_stress_0005,0,14,6,wesad
bvp_S14_non_stress_0006,0,14,7,wesad
bvp_S14_non_stress_0007,0,14,8,wesad
bvp_S14_non_stress_0008,0,14,9,wesad
bvp_S14_non_stress_0009,0,14,10,wesad
bvp_S14_non_stress_0010,0,14,11,wesad
bvp_S14_non_stress_0011,0,14,12,wesad
bvp_S14_non_stress_0012,0,14,13,wesad
bvp_S14_non_stress_0013,0,14,14,wesad
bvp_S14_non_stress_0014,0,14,15,wesad
bvp_S14_non_stress_0015,0,14,16,wesad
bvp_S14_non_stress_0016,0,14,17,wesad
bvp_S14_non_stress_0017,0,14,18,wesad
bvp_S14_non_stress_0018,0,14,19,wesad
bvp_S14_non_stress_0019,0,14,20,wesad
bvp_S14_non_stress_0020,0,14,21,wesad
bvp_S14_non_stress_0021,0,14,22,wesad
bvp_S14_non_stress_0022,0,14,23,wesad
bvp_S14_non_stress_0023,0,14,24,wesad
bvp_S14_non_stress_0024,0,14,25,wesad
bvp_S14_non_stress_0025,0,14,26,wesad
bvp_S14_non_stress_0026,0,14,27,wesad
bvp_S14_non_stress_0027,0,14,28,wesad
bvp_S14_non_stress_0028,0,14,29,wesad
bvp_S14_non_stress_0029,0,14,30,wesad
bvp_S14_non_stress_0030,0,14,31,wesad
bvp_S14_non_stress_0031,0,14,32,wesad
bvp_S14_non_stress_0032,0,14,33,wesad
bvp_S14_non_stress_0033,0,14,34,wesad
bvp_S14_non_stress_0034,0,14,35,wesad
bvp_S14_non_stress_0035,0,14,36,wesad
bvp_S14_non_stress_0036,0,14,37,wesad
bvp_S14_non_stress_0037,0,14,38,wesad
bvp_S14_non_stress_0038,0,14,39,wesad
bvp_S14_stress_0000,1,14,64,wesad
bvp_S14_stress_0001,1,14,65,wesad
bvp_S14_stress_0002,1,14,66,wesad
bvp_S14_stress_0003,1,14,67,wesad
bvp_S14_stress_0004,1,14,68,wesad
bvp_S14_stress_0005,1,14,69,wesad
bvp_S14_stress_0006,1,14,70,wesad
bvp_S14_stress_0007,1,14,71,wesad
bvp_S14_stress_0008,1,14,72,wesad
bvp_S14_stress_0009,1,14,73,wesad
bvp_S14_stress_0010,1,14,74,wesad
bvp_S14_stress_0011,1,14,75,wesad
bvp_S14_stress_0012,1,14,76,wesad
bvp_S14_stress_0013,1,14,77,wesad
bvp_S14_stress_0014,1,14,78,wesad
bvp_S14_stress_0015,1,14,79,wesad
bvp_S14_stress_0016,1,14,80,wesad
bvp_S14_stress_0017,1,14,81,wesad
bvp_S14_stress_0018,1,14,82,wesad
bvp_S14_stress_0019,1,14,83,wesad
bvp_S14_stress_0020,1,14,84,wesad
bvp_S14_stress_0021,1,14,85,wesad
bvp_S14_non_stress_0039,0,14,144,wesad
bvp_S14_non_stress_0040,0,14,145,wesad
bvp_S14_non_stress_0041,0,14,146,wesad
bvp_S14_non_stress_0042,0,14,147,wesad
bvp_S14_non_stress_0043,0,14,148,wesad
bvp_S14_non_stress_0044,0,14,149,wesad
bvp_S14_non_stress_0045,0,14,150,wesad
bvp_S14_non_stress_0046,0,14,151,wesad
bvp_S14_non_stress_0047,0,14,152,wesad
bvp_S14_non_stress_0048,0,14,153,wesad
bvp_S14_non_stress_0049,0,14,154,wesad
bvp_S14_non_stress_0050,0,14,155,wesad
bvp_S15_non_stress_0000,0,15,4,wesad
bvp_S15_non_stress_0001,0,15,5,wesad
bvp_S15_non_stress_0002,0,15,6,wesad
bvp_S15_non_stress_0003,0,15,7,wesad
bvp_S15_non_stress_0004,0,15,8,wesad
bvp_S15_non_stress_0005,0,15,9,wesad
bvp_S15_non_stress_0006,0,15,10,wesad
bvp_S15_non_stress_0007,0,15,11,wesad
bvp_S15_non_stress_0008,0,15,12,wesad
bvp_S15_non_stress_0009,0,15,13,wesad
bvp_S15_non_stress_0010,0,15,14,wesad
bvp_S15_non_stress_0011,0,15,15,wesad
bvp_S15_non_stress_0012,0,15,16,wesad
bvp_S15_non_stress_0013,0,15,17,wesad
bvp_S15_non_stress_0014,0,15,18,wesad
bvp_S15_non_stress_0015,0,15,19,wesad
bvp_S15_non_stress_0016,0,15,20,wesad
bvp_S15_non_stress_0017,0,15,21,wesad
bvp_S15_non_stress_0018,0,15,22,wesad
bvp_S15_non_stress_0019,0,15,23,wesad
bvp_S15_non_stress_0020,0,15,24,wesad
bvp_S15_non_stress_0021,0,15,25,wesad
bvp_S15_non_stress_0022,0,15,26,wesad
bvp_S15_non_stress_0023,0,15,27,wesad
bvp_S15_non_stress_0024,0,15,28,wesad
bvp_S15_non_stress_0025,0,15,29,wesad
bvp_S15_non_stress_0026,0,15,30,wesad
bvp_S15_non_stress_0027,0,15,31,wesad
bvp_S15_non_stress_0028,0,15,32,wesad
bvp_S15_non_stress_0029,0,15,33,wesad
bvp_S15_non_stress_0030,0,15,34,wesad
bvp_S15_non_stress_0031,0,15,35,wesad
bvp_S15_non_stress_0032,0,15,36,wesad
bvp_S15_non_stress_0033,0,15,37,wesad
bvp_S15_non_stress_0034,0,15,38,wesad
bvp_S15_non_stress_0035,0,15,39,wesad
bvp_S15_non_stress_0036,0,15,40,wesad
bvp_S15_non_stress_0037,0,15,41,wesad
bvp_S15_non_stress_0038,0,15,42,wesad
bvp_S15_non_stress_0039,0,15,54,wesad
bvp_S15_non_stress_0040,0,15,55,wesad
bvp_S15_non_stress_0041,0,15,56,wesad
bvp_S15_non_stress_0042,0,15,57,wesad
bvp_S15_non_stress_0043,0,15,58,wesad
bvp_S15_non_stress_0044,0,15,59,wesad
bvp_S15_non_stress_0045,0,15,60,wesad
bvp_S15_non_stress_0046,0,15,61,wesad
bvp_S15_non_stress_0047,0,15,62,wesad
bvp_S15_non_stress_0048,0,15,63,wesad
bvp_S15_non_stress_0049,0,15,64,wesad
bvp_S15_non_stress_0050,0,15,65,wesad
bvp_S15_stress_0000,1,15,104,wesad
bvp_S15_stress_0001,1,15,105,wesad
bvp_S15_stress_0002,1,15,106,wesad
bvp_S15_stress_0003,1,15,107,wesad
bvp_S15_stress_0004,1,15,108,wesad
bvp_S15_stress_0005,1,15,109,wesad
bvp_S15_stress_0006,1,15,110,wesad
bvp_S15_stress_0007,1,15,111,wesad
bvp_S15_stress_0008,1,15,112,wesad
bvp_S15_stress_0009,1,15,113,wesad
bvp_S15_stress_0010,1,15,114,wesad
bvp_S15_stress_0011,1,15,115,wesad
bvp_S15_stress_0012,1,15,116,wesad
bvp_S15_stress_0013,1,15,117,wesad
bvp_S15_stress_0014,1,15,118,wesad
bvp_S15_stress_0015,1,15,119,wesad
bvp_S15_stress_0016,1,15,120,wesad
bvp_S15_stress_0017,1,15,121,wesad
bvp_S15_stress_0018,1,15,122,wesad
bvp_S15_stress_0019,1,15,123,wesad
bvp_S15_stress_0020,1,15,124,wesad
bvp_S15_stress_0021,1,15,125,wesad
bvp_S16_non_stress_0000,0,16,4,wesad
bvp_S16_non_stress_0001,0,16,5,wesad
bvp_S16_non_stress_0002,0,16,6,wesad
bvp_S16_non_stress_0003,0,16,7,wesad
bvp_S16_non_stress_0004,0,16,8,wesad
bvp_S16_non_stress_0005,0,16,9,wesad
bvp_S16_non_stress_0006,0,16,10,wesad
bvp_S16_non_stress_0007,0,16,11,wesad
bvp_S16_non_stress_0008,0,16,12,wesad
bvp_S16_non_stress_0009,0,16,13,wesad
bvp_S16_non_stress_0010,0,16,14,wesad
bvp_S16_non_stress_0011,0,16,15,wesad
bvp_S16_non_stress_0012,0,16,16,wesad
bvp_S16_non_stress_0013,0,16,17,wesad
bvp_S16_non_stress_0014,0,16,18,wesad
bvp_S16_non_stress_0015,0,16,19,wesad
bvp_S16_non_stress_0016,0,16,20,wesad
bvp_S16_non_stress_0017,0,16,21,wesad
bvp_S16_non_stress_0018,0,16,22,wesad
bvp_S16_non_stress_0019,0,16,23,wesad
bvp_S16_non_stress_0020,0,16,24,wesad
bvp_S16_non_stress_0021,0,16,25,wesad
bvp_S16_non_stress_0022,0,16,26,wesad
bvp_S16_non_stress_0023,0,16,27,wesad
bvp_S16_non_stress_0024,0,16,28,wesad
bvp_S16_non_stress_0025,0,16,29,wesad
bvp_S16_non_stress_0026,0,16,30,wesad
bvp_S16_non_stress_0027,0,16,31,wesad
bvp_S16_non_stress_0028,0,16,32,wesad
bvp_S16_non_stress_0029,0,16,33,wesad
bvp_S16_non_stress_0030,0,16,34,wesad
bvp_S16_non_stress_0031,0,16,35,wesad
bvp_S16_non_stress_0032,0,16,36,wesad
bvp_S16_non_stress_0033,0,16,37,wesad
bvp_S16_non_stress_0034,0,16,38,wesad
bvp_S16_non_stress_0035,0,16,39,wesad
bvp_S16_non_stress_0036,0,16,40,wesad
bvp_S16_non_stress_0037,0,16,41,wesad
bvp_S16_stress_0000,1,16,67,wesad
bvp_S16_stress_0001,1,16,68,wesad
bvp_S16_stress_0002,1,16,69,wesad
bvp_S16_stress_0003,1,16,70,wesad
bvp_S16_stress_0004,1,16,71,wesad
bvp_S16_stress_0005,1,16,72,wesad
bvp_S16_stress_0006,1,16,73,wesad
bvp_S16_stress_0007,1,16,74,wesad
bvp_S16_stress_0008,1,16,75,wesad
bvp_S16_stress_0009,1,16,76,wesad
bvp_S16_stress_0010,1,16,77,wesad
bvp_S16_stress_0011,1,16,78,wesad
bvp_S16_stress_0012,1,16,79,wesad
bvp_S16_stress_0013,1,16,80,wesad
bvp_S16_stress_0014,1,16,81,wesad
bvp_S16_stress_0015,1,16,82,wesad
bvp_S16_stress_0016,1,16,83,wesad
bvp_S16_stress_0017,1,16,84,wesad
bvp_S16_stress_0018,1,16,85,wesad
bvp_S16_stress_0019,1,16,86,wesad
bvp_S16_stress_0020,1,16,87,wesad
bvp_S16_non_stress_0038,0,16,144,wesad
bvp_S16_non_stress_0039,0,16,145,wesad
bvp_S16_non_stress_0040,0,16,146,wesad
bvp_S16_non_stress_0041,0,16,147,wesad
bvp_S16_non_stress_0042,0,16,148,wesad
bvp_S16_non_stress_0043,0,16,149,wesad
bvp_S16_non_stress_0044,0,16,150,wesad
bvp_S16_non_stress_0045,0,16,151,wesad
bvp_S16_non_stress_0046,0,16,152,wesad
bvp_S16_non_stress_0047,0,16,153,wesad
bvp_S16_non_stress_0048,0,16,154,wesad
bvp_S16_non_stress_0049,0,16,155,wesad
bvp_S17_non_stress_0000,0,17,3,wesad
bvp_S17_non_stress_0001,0,17,4,wesad
bvp_S17_non_stress_0002,0,17,5,wesad
bvp_S17_non_stress_0003,0,17,6,wesad
bvp_S17_non_stress_0004,0,17,7,wesad
bvp_S17_non_stress_0005,0,17,8,wesad
bvp_S17_non_stress_0006,0,17,9,wesad
bvp_S17_non_stress_0007,0,17,10,wesad
bvp_S17_non_stress_0008,0,17,11,wesad
bvp_S17_non_stress_0009,0,17,12,wesad
bvp_S17_non_stress_0010,0,17,13,wesad
bvp_S17_non_stress_0011,0,17,14,wesad
bvp_S17_non_stress_0012,0,17,15,wesad
bvp_S17_non_stress_0013,0,17,16,wesad
bvp_S17_non_stress_0014,0,17,17,wesad
bvp_S17_non_stress_0015,0,17,18,wesad
bvp_S17_non_stress_0016,0,17,19,wesad
bvp_S17_non_stress_0017,0,17,20,wesad
bvp_S17_non_stress_0018,0,17,21,wesad
bvp_S17_non_stress_0019,0,17,22,wesad
bvp_S17_non_stress_0020,0,17,23,wesad
bvp_S17_non_stress_0021,0,17,24,wesad
bvp_S17_non_stress_0022,0,17,25,wesad
bvp_S17_non_stress_0023,0,17,26,wesad
bvp_S17_non_stress_0024,0,17,27,wesad
bvp_S17_non_stress_0025,0,17,28,wesad
bvp_S17_non_stress_0026,0,17,29,wesad
bvp_S17_non_stress_0027,0,17,30,wesad
bvp_S17_non_stress_0028,0,17,31,wesad
bvp_S17_non_stress_0029,0,17,32,wesad
bvp_S17_non_stress_0030,0,17,33,wesad
bvp_S17_non_stress_0031,0,17,34,wesad
bvp_S17_non_stress_0032,0,17,35,wesad
bvp_S17_non_stress_0033,0,17,36,wesad
bvp_S17_non_stress_0034,0,17,37,wesad
bvp_S17_non_stress_0035,0,17,38,wesad
bvp_S17_non_stress_0036,0,17,39,wesad
bvp_S17_non_stress_0037,0,17,40,wesad
bvp_S17_non_stress_0038,0,17,41,wesad
bvp_S17_non_stress_0039,0,17,58,wesad
bvp_S17_non_stress_0040,0,17,59,wesad
bvp_S17_non_stress_0041,0,17,60,wesad
bvp_S17_non_stress_0042,0,17,61,wesad
bvp_S17_non_stress_0043,0,17,62,wesad
bvp_S17_non_stress_0044,0,17,63,wesad
bvp_S17_non_stress_0045,0,17,64,wesad
bvp_S17_non_stress_0046,0,17,65,wesad
bvp_S17_non_stress_0047,0,17,66,wesad
bvp_S17_non_stress_0048,0,17,67,wesad
bvp_S17_non_stress_0049,0,17,68,wesad
bvp_S17_non_stress_0050,0,17,69,wesad
bvp_S17_stress_0000,1,17,117,wesad
bvp_S17_stress_0001,1,17,118,wesad
bvp_S17_stress_0002,1,17,119,wesad
bvp_S17_stress_0003,1,17,120,wesad
bvp_S17_stress_0004,1,17,121,wesad
bvp_S17_stress_0005,1,17,122,wesad
bvp_S17_stress_0006,1,17,123,wesad
bvp_S17_stress_0007,1,17,124,wesad
bvp_S17_stress_0008,1,17,125,wesad
bvp_S17_stress_0009,1,17,126,wesad
bvp_S17_stress_0010,1,17,127,wesad
bvp_S17_stress_0011,1,17,128,wesad
bvp_S17_stress_0012,1,17,129,wesad
bvp_S17_stress_0013,1,17,130,wesad
bvp_S17_stress_0014,1,17,131,wesad
bvp_S17_stress_0015,1,17,132,wesad
bvp_S17_stress_0016,1,17,133,wesad
bvp_S17_stress_0017,1,17,134,wesad
bvp_S17_stress_0018,1,17,135,wesad
bvp_S17_stress_0019,1,17,136,wesad
bvp_S17_stress_0020,1,17,137,wesad
bvp_S17_stress_0021,1,17,138,wesad
bvp_S17_stress_0022,1,17,139,wesad
bvp_S17_stress_0023,1,17,140,wesad
