filename,label,subject_id,trial_id
bvp_s01_T1,0,1,1
bvp_s01_T2,1,1,2
bvp_s01_T3,1,1,3
bvp_s02_T1,0,2,1
bvp_s02_T2,1,2,2
bvp_s02_T3,1,2,3
bvp_s03_T1,0,3,1
bvp_s03_T2,1,3,2
bvp_s03_T3,1,3,3
bvp_s04_T1,0,4,1
bvp_s04_T2,1,4,2
bvp_s04_T3,1,4,3
bvp_s05_T1,0,5,1
bvp_s05_T2,1,5,2
bvp_s05_T3,1,5,3
bvp_s06_T1,0,6,1
bvp_s06_T2,1,6,2
bvp_s06_T3,1,6,3
bvp_s07_T1,0,7,1
bvp_s07_T2,1,7,2
bvp_s07_T3,1,7,3
bvp_s08_T1,0,8,1
bvp_s08_T2,1,8,2
bvp_s08_T3,1,8,3
bvp_s09_T1,0,9,1
bvp_s09_T2,1,9,2
bvp_s09_T3,1,9,3
bvp_s10_T1,0,10,1
bvp_s10_T2,1,10,2
bvp_s10_T3,1,10,3
bvp_s11_T1,0,11,1
bvp_s11_T2,1,11,2
bvp_s11_T3,1,11,3
bvp_s12_T1,0,12,1
bvp_s12_T2,1,12,2
bvp_s12_T3,1,12,3
bvp_s13_T1,0,13,1
bvp_s13_T2,1,13,2
bvp_s13_T3,1,13,3
bvp_s14_T1,0,14,1
bvp_s14_T2,1,14,2
bvp_s14_T3,1,14,3
bvp_s15_T1,0,15,1
bvp_s15_T2,1,15,2
bvp_s15_T3,1,15,3
bvp_s16_T1,0,16,1
bvp_s16_T2,1,16,2
bvp_s16_T3,1,16,3
bvp_s17_T1,0,17,1
bvp_s17_T2,1,17,2
bvp_s17_T3,1,17,3
bvp_s18_T1,0,18,1
bvp_s18_T2,1,18,2
bvp_s18_T3,1,18,3
bvp_s19_T1,0,19,1
bvp_s19_T2,1,19,2
bvp_s19_T3,1,19,3
bvp_s20_T1,0,20,1
bvp_s20_T2,1,20,2
bvp_s20_T3,1,20,3
bvp_s21_T1,0,21,1
bvp_s21_T2,1,21,2
bvp_s21_T3,1,21,3
bvp_s22_T1,0,22,1
bvp_s22_T2,1,22,2
bvp_s22_T3,1,22,3
bvp_s23_T1,0,23,1
bvp_s23_T2,1,23,2
bvp_s23_T3,1,23,3
bvp_s24_T1,0,24,1
bvp_s24_T2,1,24,2
bvp_s24_T3,1,24,3
bvp_s25_T1,0,25,1
bvp_s25_T2,1,25,2
bvp_s25_T3,1,25,3
bvp_s26_T1,0,26,1
bvp_s26_T2,1,26,2
bvp_s26_T3,1,26,3
bvp_s27_T1,0,27,1
bvp_s27_T2,1,27,2
bvp_s27_T3,1,27,3
bvp_s28_T1,0,28,1
bvp_s28_T2,1,28,2
bvp_s28_T3,1,28,3
bvp_s29_T1,0,29,1
bvp_s29_T2,1,29,2
bvp_s29_T3,1,29,3
bvp_s30_T1,0,30,1
bvp_s30_T2,1,30,2
bvp_s30_T3,1,30,3
bvp_s31_T1,0,31,1
bvp_s31_T2,1,31,2
bvp_s31_T3,1,31,3
bvp_s32_T1,0,32,1
bvp_s32_T2,1,32,2
bvp_s32_T3,1,32,3
bvp_s33_T1,0,33,1
bvp_s33_T2,1,33,2
bvp_s33_T3,1,33,3
bvp_s34_T1,0,34,1
bvp_s34_T2,1,34,2
bvp_s34_T3,1,34,3
bvp_s35_T1,0,35,1
bvp_s35_T2,1,35,2
bvp_s35_T3,1,35,3
bvp_s36_T1,0,36,1
bvp_s36_T2,1,36,2
bvp_s36_T3,1,36,3
bvp_s37_T1,0,37,1
bvp_s37_T2,1,37,2
bvp_s37_T3,1,37,3
bvp_s38_T1,0,38,1
bvp_s38_T2,1,38,2
bvp_s38_T3,1,38,3
bvp_s39_T1,0,39,1
bvp_s39_T2,1,39,2
bvp_s39_T3,1,39,3
bvp_s40_T1,0,40,1
bvp_s40_T2,1,40,2
bvp_s40_T3,1,40,3
bvp_s41_T1,0,41,1
bvp_s41_T2,1,41,2
bvp_s41_T3,1,41,3
bvp_s42_T1,0,42,1
bvp_s42_T2,1,42,2
bvp_s42_T3,1,42,3
bvp_s43_T1,0,43,1
bvp_s43_T2,1,43,2
bvp_s43_T3,1,43,3
bvp_s44_T1,0,44,1
bvp_s44_T2,1,44,2
bvp_s44_T3,1,44,3
bvp_s45_T1,0,45,1
bvp_s45_T2,1,45,2
bvp_s45_T3,1,45,3
bvp_s46_T1,0,46,1
bvp_s46_T2,1,46,2
bvp_s46_T3,1,46,3
bvp_s47_T1,0,47,1
bvp_s47_T2,1,47,2
bvp_s47_T3,1,47,3
bvp_s48_T1,0,48,1
bvp_s48_T2,1,48,2
bvp_s48_T3,1,48,3
bvp_s49_T1,0,49,1
bvp_s49_T2,1,49,2
bvp_s49_T3,1,49,3
bvp_s50_T1,0,50,1
bvp_s50_T2,1,50,2
bvp_s50_T3,1,50,3
bvp_s51_T1,0,51,1
bvp_s51_T2,1,51,2
bvp_s51_T3,1,51,3
bvp_s52_T1,0,52,1
bvp_s52_T2,1,52,2
bvp_s52_T3,1,52,3
bvp_s53_T1,0,53,1
bvp_s53_T2,1,53,2
bvp_s53_T3,1,53,3
bvp_s54_T1,0,54,1
bvp_s54_T2,1,54,2
bvp_s54_T3,1,54,3
bvp_s55_T1,0,55,1
bvp_s55_T2,1,55,2
bvp_s55_T3,1,55,3
bvp_s56_T1,0,56,1
bvp_s56_T2,1,56,2
bvp_s56_T3,1,56,3
